,thumbnail,title,category,view_count,likes_count,dislikes_count,upload_date,video_length
0,https://i.ytimg.com/vi/f80KUtt-zcc/hqdefault.jpg?sqp=-oaymwEZCNACELwBSFXyq4qpAwsIARUAAIhCGAFwAQ==&rs=AOn4CLAYzqGrm-aM88vIgDBQt24VNPc2hw,"ENG)출근일상,친구들이랑 비빔밥 해 먹고 라탄 원데이클래스 듣는 뿌듯한 일상 그리고 생일선물 풀어보기",Yêu Chim Chim,"조회수 504,859회",1.5만개,183개,2019. 12. 25.,23:52
1,https://i.ytimg.com/vi/kcBHZlqjyT8/hqdefault.jpg?sqp=-oaymwEZCNACELwBSFXyq4qpAwsIARUAAIhCGAFwAQ==&rs=AOn4CLADreS9xPea5_oE4ajkb00zXS1igA,ENG)자취방에서 삼시세끼 해 먹는 일상(feat.마켓컬리),jini,"조회수 581,858회",0,0,2019. 12. 17.,14:38
2,https://i.ytimg.com/vi/clDwq-7NHvI/hqdefault.jpg?sqp=-oaymwEZCNACELwBSFXyq4qpAwsIARUAAIhCGAFwAQ==&rs=AOn4CLCiU_5v12QGSd0JIbNBp5gT2_vZOA,"ENG)방산시장가서 비누만들기 재료사고,자취방에서 샐러드김밥,수제비떡볶이 해 먹는 일상",Büşra İlhan,"조회수 701,797회",1.8만개,264개,2019. 12. 15.,27:39
3,https://i.ytimg.com/vi/RsIXAXXkS44/hqdefault.jpg?sqp=-oaymwEZCNACELwBSFXyq4qpAwsIARUAAIhCGAFwAQ==&rs=AOn4CLB4vVh2KgNPaDFM6B_Se0CirkYUJA,"ENG)맛있는 샌드위치,김치파스타 해 먹기,출근일상,연희동 맛집가는 평범한 일상",bacalhau zin,"조회수 1,507,824회",3.9만개,514개,2019. 12. 5.,26:28
4,https://i.ytimg.com/vi/8qq7h0715g4/hqdefault.jpg?sqp=-oaymwEZCNACELwBSFXyq4qpAwsIARUAAIhCGAFwAQ==&rs=AOn4CLCcuv_AdgSvozODFGYu5vHSmMFwog,ENG)첫 출근하는 날의 일상 샐러드파스타 만들기 그리고 친구들이랑 뜨개질하는 일상(feat.팬밋업),彭語仙,"조회수 745,305회",1.8만개,234개,2019. 11. 27.,30:42
5,https://i.ytimg.com/vi/yhsBftai0GU/hqdefault.jpg?sqp=-oaymwEZCNACELwBSFXyq4qpAwsIARUAAIhCGAFwAQ==&rs=AOn4CLDFyr0_feumam-H9_XMm9wpbICgTw,"ENG)자취방에서 맛있고 간단한 브런치 해 먹기,다이어리 꾸미고 츄러스 만들기 그리고 친구들이랑 우정타투",hueijen,"조회수 662,404회",1.6만개,251개,2019. 11. 20.,24:54
6,https://i.ytimg.com/vi/daBJNHQ99k4/hqdefault.jpg?sqp=-oaymwEZCNACELwBSFXyq4qpAwsIARUAAIhCGAFwAQ==&rs=AOn4CLCiD6VIVyVNZa8f8ZyJ3p6TAW1YfA,ENG)강아지랑 함께한 집순이일상 그리고 혼자 망원동 이곳저곳 돌아다니고 소품구입하는 일상,인물/블로그,"조회수 661,249회",1.7만개,233개,2019. 11. 13.,29:52
7,https://i.ytimg.com/vi/5gaInOuEp74/hqdefault.jpg?sqp=-oaymwEZCNACELwBSFXyq4qpAwsIARUAAIhCGAFwAQ==&rs=AOn4CLDax0Bwnkop7arhH0FvsKkFKhnM0w,ENG)고등학교 친구들이랑 함께한 러시아 블라디보스톡 3박 4일 여행vlog,hueijen,"조회수 494,147회",1.5만개,186개,2019. 11. 9.,25:24
8,https://i.ytimg.com/vi/9R2Uiauwpmg/hqdefault.jpg?sqp=-oaymwEZCNACELwBSFXyq4qpAwsIARUAAIhCGAFwAQ==&rs=AOn4CLBdymvmWDF7RXOa-XUisK4edXIUDA,"ENG)재밌는 홈카페 , 새로운식물들 ,자취방에 친구들 초대해서 맛있는 요리 만들어주는 일상",인물/블로그,"조회수 692,660회",1.7만개,223개,2019. 11. 2.,24:18
9,https://i.ytimg.com/vi/pNVknPAy6Dk/hqdefault.jpg?sqp=-oaymwEZCNACELwBSFXyq4qpAwsIARUAAIhCGAFwAQ==&rs=AOn4CLCzcC8A0oseUPo44TNpcUarAt_MHA,"ENG)아이폰11언박싱하고,자취방에 친구 초대하고,맛있는 감자전 해먹는 일상",Lan Anh,"조회수 685,696회",1.7만개,283개,2019. 10. 24.,20:29
10,https://i.ytimg.com/vi/mict8r_lh3s/hqdefault.jpg?sqp=-oaymwEZCNACELwBSFXyq4qpAwsIARUAAIhCGAFwAQ==&rs=AOn4CLCXlij9K5jNNSlkpMQ3jKTgosWo5A,"ENG)새로 이사한 자취방 인테리어 하고,해방촌 나들이,간단하면서 맛있는 요리해먹는 일상",hueijen,"조회수 1,047,857회",2.3만개,327개,2019. 10. 17.,21:51
11,https://i.ytimg.com/vi/BYW1vsGgleQ/hqdefault.jpg?sqp=-oaymwEZCNACELwBSFXyq4qpAwsIARUAAIhCGAFwAQ==&rs=AOn4CLBWEvE7cEnounUGzRazOpJqr75tKw,"ENG)자취방에서 다양한 요리 ,자취방 6개월만에 다시 이사… 새로운 집 청소하러 가는 일상",Mariana Barbosa,"조회수 739,265회",1.6만개,275개,2019. 10. 12.,21:39
12,https://i.ytimg.com/vi/oJC7HznmuCI/hqdefault.jpg?sqp=-oaymwEZCPYBEIoBSFXyq4qpAwsIARUAAIhCGAFwAQ==&rs=AOn4CLAh-hLE3teYixk85DpVO3Ve95zOJw,"ENG)혼자 한남동 돌아다니고,필라테스 갔다가 혼자 영화 보고,맛있는 요리해먹는 일상",_moon_ tt,"조회수 775,384회",1.7만개,261개,2019. 10. 6.,23:05
13,https://i.ytimg.com/vi/OSWX_sYA_Es/hqdefault.jpg?sqp=-oaymwEZCPYBEIoBSFXyq4qpAwsIARUAAIhCGAFwAQ==&rs=AOn4CLCalmqLDAJ6YS4DUaJ4KJOhm2MW-w,"ENG)피크닉매트 만들어서 한강 가고,집순이의 24시간,건강한집밥,무화과 스콘만드는 일상",Euijiung,"조회수 847,866회",1.7만개,315개,2019. 9. 29.,31:02
14,https://i.ytimg.com/vi/VnHbAIeSEJ8/hqdefault.jpg?sqp=-oaymwEZCPYBEIoBSFXyq4qpAwsIARUAAIhCGAFwAQ==&rs=AOn4CLBnWfUC-J5enyku1lJcZAlx3ldaDQ,"ENG)자취방에서 요리하고 먹기만 하는 일상,무화과잼 만들기,혼자 전시회 보기",Lan Anh,"조회수 706,622회",1.5만개,238개,2019. 9. 19.,25:52
15,https://i.ytimg.com/vi/8_v9ibF3Hyw/hqdefault.jpg?sqp=-oaymwEZCPYBEIoBSFXyq4qpAwsIARUAAIhCGAFwAQ==&rs=AOn4CLCG0f_QJH7nF0AQ9_TZqLOeYOd3dQ,ONDO VLOG) 요리&베이킹 모음 영상 2,Rn.,"조회수 458,626회",1만개,185개,2019. 9. 12.,23:20
16,https://i.ytimg.com/vi/57s9RlulxIg/hqdefault.jpg?sqp=-oaymwEZCPYBEIoBSFXyq4qpAwsIARUAAIhCGAFwAQ==&rs=AOn4CLB2_oI3BO6j21NfwFobI4XNWBT7QA,"ENG)오랜만에 그리는 그림 ,자취방에서 건강한 집밥,우유푸딩 만들기",Jikook hope,"조회수 690,253회",1.4만개,246개,2019. 9. 10.,25:44
17,https://i.ytimg.com/vi/uQgfRWFhgF0/hqdefault.jpg?sqp=-oaymwEZCPYBEIoBSFXyq4qpAwsIARUAAIhCGAFwAQ==&rs=AOn4CLBet4-u2zrAD4jCZfOvRVgTs_v7AA,"ENG)카페에서 소소한 취미생활하고,자취방에서 맛있는요리해 먹기,그리고 새로운 취미생활",llia,"조회수 1,291,302회",2.6만개,486개,2019. 9. 2.,33:37
18,https://i.ytimg.com/vi/YWzUQxdJG4U/hqdefault.jpg?sqp=-oaymwEZCPYBEIoBSFXyq4qpAwsIARUAAIhCGAFwAQ==&rs=AOn4CLBP48ntA8UBv9RCxVgdIZhK_vHJgA,ONDO VLOG) 요리&베이킹 모음 영상 1,Nguyen Quang Tao,"조회수 521,914회",1.4만개,245개,2019. 8. 30.,24:17
19,https://i.ytimg.com/vi/n0QuYGMM6Iw/hqdefault.jpg?sqp=-oaymwEZCPYBEIoBSFXyq4qpAwsIARUAAIhCGAFwAQ==&rs=AOn4CLCIi8ZgpItM6PMHvPyt9IuyL8ieEg,"ENG)맛있는 집밥,화채 해먹고,혼자 알차게 보내는 여유로운 나의 취미 일상,택배언박싱",MERA메라,"조회수 734,094회",1.7만개,250개,2019. 8. 24.,28:34
20,https://i.ytimg.com/vi/a-4jFSF8Plk/hqdefault.jpg?sqp=-oaymwEZCPYBEIoBSFXyq4qpAwsIARUAAIhCGAFwAQ==&rs=AOn4CLCZUAUdFbeU1hPCYZJDxKip5v0UGA,"ENG)간단한 토스트 해먹고,길냥이들이랑 힐링,자취방에서 간단한 베이킹도 하는 평범한 일상",Zeynep Günaydın,"조회수 639,017회",1.4만개,247개,2019. 8. 18.,29:44
21,https://i.ytimg.com/vi/j6_NnH3kR40/hqdefault.jpg?sqp=-oaymwEZCPYBEIoBSFXyq4qpAwsIARUAAIhCGAFwAQ==&rs=AOn4CLAmzjcYUFFqVUwxFUwBEfOiuLT0Yw,"ENG)갑자기 빠진 다이어리꾸미기,피클만들고 파스타 요리 해먹기,문구 쇼핑 언박싱",Y HSIEH,"조회수 922,464회",1.9만개,337개,2019. 8. 10.,34:32
22,https://i.ytimg.com/vi/MZSoMVx1jis/hqdefault.jpg?sqp=-oaymwEZCPYBEIoBSFXyq4qpAwsIARUAAIhCGAFwAQ==&rs=AOn4CLBM3jQYMhlTByrdVoT3XEtBrlqHzg,"ENG)운동 갔다가 맛있는 요리도 해먹고,동생들이랑 포키 만들고 한강,파운드 케이크 만들기",Carol Lin,"조회수 639,364회",1.4만개,224개,2019. 7. 30.,22:10
23,https://i.ytimg.com/vi/-lsuF_2xkkQ/hqdefault.jpg?sqp=-oaymwEZCPYBEIoBSFXyq4qpAwsIARUAAIhCGAFwAQ==&rs=AOn4CLDeICl-5ivBngKNJz5MpD-Sn-Q5fA,"ENG)집순이의 중국당면 떡볶이,토스트,방구조 바꾸기,택배 언박싱 하는 집순이 일상",Athu NT,"조회수 1,091,148회",2.1만개,317개,2019. 7. 25.,22:17
24,https://i.ytimg.com/vi/FsCqyEnVcWs/hqdefault.jpg?sqp=-oaymwEZCPYBEIoBSFXyq4qpAwsIARUAAIhCGAFwAQ==&rs=AOn4CLDNE_80vB_HCYHk9-JKNxMAHY9fVw,"ENG)사촌동생이랑 샌드위치 만들고 소품샵 투어,옷방 정리하고 혼자 영화보러가는 일상",mono child,"조회수 850,712회",1.9만개,280개,2019. 7. 14.,24:40
25,https://i.ytimg.com/vi/EHoFOUjeeug/hqdefault.jpg?sqp=-oaymwEZCPYBEIoBSFXyq4qpAwsIARUAAIhCGAFwAQ==&rs=AOn4CLCWFjPy5_Tjb8WN0b50yHh93sMhOQ,ENG)강아지와 함께한 제주도 힐링여행 vlog,Tú Anh,"조회수 438,121회",1.3만개,132개,최초 공개: 2019. 7. 10.,25:57
26,https://i.ytimg.com/vi/9Q0h7ZEO4PM/hqdefault.jpg?sqp=-oaymwEZCPYBEIoBSFXyq4qpAwsIARUAAIhCGAFwAQ==&rs=AOn4CLAZqFaZAqghqgysjui3rcEklkdPJg,ENG)구독자분들과 소소한 만남 일상_팬밋업,MERA메라,"조회수 453,143회",1.8만개,186개,2019. 7. 8.,12:35
27,https://i.ytimg.com/vi/Aj86iqtoUYM/hqdefault.jpg?sqp=-oaymwEZCPYBEIoBSFXyq4qpAwsIARUAAIhCGAFwAQ==&rs=AOn4CLDs3ewoAvmSA6kPCtTDQn0ke9u8GA,"ENG)자취방에서 맛있는 요리하기,소품샵 구경,귀여운 파우치 만드는 소소한 일상",Clara Bonnement,"조회수 1,017,659회",2.2만개,338개,2019. 7. 3.,28:23
28,https://i.ytimg.com/vi/2GyZUEkHXQ8/hqdefault.jpg?sqp=-oaymwEZCPYBEIoBSFXyq4qpAwsIARUAAIhCGAFwAQ==&rs=AOn4CLBsgE5wL33vkbxKDKw3RghyHBofEw,"ENG)동대문 원단쇼핑도 하고,에코백 만들기 그리고 여행계획 일상",Tú Anh,"조회수 625,853회",1.6만개,225개,2019. 6. 23.,21:42
29,https://i.ytimg.com/vi/OyAsTPd0j3U/hqdefault.jpg?sqp=-oaymwEZCPYBEIoBSFXyq4qpAwsIARUAAIhCGAFwAQ==&rs=AOn4CLDeAmbOoysIlxDPQ3Obd2ryPy8VRA,"ENG)새로운 취미생활,맛있는 면요리 해먹기 그리고 식물키우는 새로운 나의 일상",Rima Lin,"조회수 799,908회",1.7만개,273개,2019. 6. 15.,24:18
30,https://i.ytimg.com/vi/y4cSjrZZKQI/hqdefault.jpg?sqp=-oaymwEZCNACELwBSFXyq4qpAwsIARUAAIhCGAFwAQ==&rs=AOn4CLAE59LkA48uYU0ryYhe5xnBy6ByZg,"ENG)맥북 구입하고,자취방에서 홈베이킹,집밥,여유로우면서 알찬 일상",Uyen Bui,"조회수 1,063,101회",2.1만개,335개,2019. 6. 4.,27:57
31,https://i.ytimg.com/vi/ux882dcx_7w/hqdefault.jpg?sqp=-oaymwEZCNACELwBSFXyq4qpAwsIARUAAIhCGAFwAQ==&rs=AOn4CLB_8znto2_GXtqlpAhcm3ksqATIaQ,ENG)완벽한 집순이의 일상 그리고 자취방에서 건강한 집밥해먹기(쿠쿠밥솥),yun yun,"조회수 707,180회",1.6만개,314개,2019. 5. 29.,19:11
32,https://i.ytimg.com/vi/IfO4G4H2qjg/hqdefault.jpg?sqp=-oaymwEZCNACELwBSFXyq4qpAwsIARUAAIhCGAFwAQ==&rs=AOn4CLBuHPPjS4x69LG1tLw5-1vlTCKt1g,ENG)온도 브이로그 Q&A답변,라사,"조회수 492,896회",1.4만개,219개,2019. 5. 27.,14:49
33,https://i.ytimg.com/vi/uv0MpE_EkHQ/hqdefault.jpg?sqp=-oaymwEZCNACELwBSFXyq4qpAwsIARUAAIhCGAFwAQ==&rs=AOn4CLDu66v8a0RKB5elT5jneXfCI4oeaQ,ENG)자취방에서 까눌레 만들기 그리고 혼자 여유롭게 카페가는 일상 (쿠쿠 공기청정기),yun yun,"조회수 782,212회",1.7만개,285개,2019. 5. 22.,20:48
34,https://i.ytimg.com/vi/dq_s8_4CAFI/hqdefault.jpg?sqp=-oaymwEZCNACELwBSFXyq4qpAwsIARUAAIhCGAFwAQ==&rs=AOn4CLCjuczP6mWJquStpLD0hOouaaVl9Q,"ENG)자취방에서 토스트 만들어 먹고,혼자 이케아 쇼핑한 일상",weiting 0214,"조회수 961,934회",2만개,342개,2019. 5. 17.,24:00
35,https://i.ytimg.com/vi/hNWb_cBOqSk/hqdefault.jpg?sqp=-oaymwEZCNACELwBSFXyq4qpAwsIARUAAIhCGAFwAQ==&rs=AOn4CLCAxmZJbtI_7Yz7jHYusj6k-j7MLg,ENG)나의 소중한 자취방 룸투어 ROOM TOUR,인물/블로그,"조회수 936,828회",2.5만개,352개,2019. 5. 12.,20:45
36,https://i.ytimg.com/vi/BSOPIQMpeJE/hqdefault.jpg?sqp=-oaymwEZCNACELwBSFXyq4qpAwsIARUAAIhCGAFwAQ==&rs=AOn4CLD98xZEkPNmbyh5r0PsZxscrqkR6w,"ENG)자취방에 친구 초대해서 요리해주고,퇴근하고 쿠키 만들기 일상",weiting 0214,"조회수 931,125회",2만개,237개,2019. 5. 9.,21:49
37,https://i.ytimg.com/vi/3y0MgqsY2CI/hqdefault.jpg?sqp=-oaymwEZCNACELwBSFXyq4qpAwsIARUAAIhCGAFwAQ==&rs=AOn4CLA3-z1WpnPcNZyvJ8BnRllIGhGh1w,"ENG)원룸 자취방에서 마지막 저녁,새로운 투룸 자취방으로 이사 한 일상,이케아 가구 조립#자취방#인테리어",Dopamin Queen,"조회수 1,783,525회",3.8만개,591개,2019. 4. 28.,25:28
38,https://i.ytimg.com/vi/GqLdK6KqeY4/hqdefault.jpg?sqp=-oaymwEZCNACELwBSFXyq4qpAwsIARUAAIhCGAFwAQ==&rs=AOn4CLCNn_oKqL7nDD1FrLGnXV8Ir6eIPw,"ENG)샌드위치 만들어서 한강피크닉도 가고,일요일엔 집순이 일상",Madeleine Song,"조회수 743,618회",1.7만개,244개,2019. 4. 24.,23:31
39,https://i.ytimg.com/vi/RMUS2vjCY_0/hqdefault.jpg?sqp=-oaymwEZCNACELwBSFXyq4qpAwsIARUAAIhCGAFwAQ==&rs=AOn4CLDZilYvP9nIkfMNdBjC_oOZC14O-g,"ENG)퇴근 후 수플레 팬케이크 도전,그리고 주말엔 마카롱 클래스,서촌나들이 일상",weiting 0214,"조회수 1,038,518회",2만개,299개,최초 공개: 2019. 4. 11.,25:44
40,https://i.ytimg.com/vi/LL1dxm4REvE/hqdefault.jpg?sqp=-oaymwEZCNACELwBSFXyq4qpAwsIARUAAIhCGAFwAQ==&rs=AOn4CLDOFLvoOPCFuM3BLwH_AZRv36cv2A,"ENG)자취생의 집밥 해먹기,반차 쓰고 혼자 돌아다니는 일상 그리고 자취방 이사 고민",weiting 0214,"조회수 682,345회",1.4만개,253개,최초 공개: 2019. 3. 31.,28:23
41,https://i.ytimg.com/vi/xy07Y9ST-Tc/hqdefault.jpg?sqp=-oaymwEZCNACELwBSFXyq4qpAwsIARUAAIhCGAFwAQ==&rs=AOn4CLB2dlapKGFH1NBcZs2hNwt_a1-cmQ,"ENG)자취방에서 마카롱도 만들고,망원동 이곳저곳 돌아다닌 일상",291206 Duongg,"조회수 989,986회",1.9만개,389개,2019. 3. 21.,26:40
42,https://i.ytimg.com/vi/Nmyw1Fqh_LY/hqdefault.jpg?sqp=-oaymwEZCPYBEIoBSFXyq4qpAwsIARUAAIhCGAFwAQ==&rs=AOn4CLB21o5i3h_YGJbLAIMr775wAxzBtQ,"ENG)자취방에서 맛있는 요리도 해먹고,주말엔 알찬 문화생활",Jingwei Ren,"조회수 892,169회",1.7만개,287개,2019. 3. 11.,23:21
43,https://i.ytimg.com/vi/kS_ONtThnXY/hqdefault.jpg?sqp=-oaymwEZCPYBEIoBSFXyq4qpAwsIARUAAIhCGAFwAQ==&rs=AOn4CLBcVgZexuhuU82dmnEjQQbJ2BeS8w,ENG)혼자 자취방에서 보내는 주말 집순이 일상 그리고 에코백 소개,Verna Cao,"조회수 1,256,094회",2.7만개,395개,2019. 3. 3.,27:56
44,https://i.ytimg.com/vi/zP0yf8P9_9Q/hqdefault.jpg?sqp=-oaymwEZCPYBEIoBSFXyq4qpAwsIARUAAIhCGAFwAQ==&rs=AOn4CLDbkzIec-8Z-7kj2wwAMx8VWXJbYA,"ENG)머랭쿠키도 만들고,그릇 만들기 클래스도 듣고 온 알찬 주말 일상",승아,"조회수 572,440회",1.2만개,237개,2019. 2. 21.,25:09
45,https://i.ytimg.com/vi/Lw_vGw6tm2w/hqdefault.jpg?sqp=-oaymwEZCPYBEIoBSFXyq4qpAwsIARUAAIhCGAFwAQ==&rs=AOn4CLAnRSmvLJ1frRXudbN-idXlwvIjsw,"ENG)소품샵 투어하고,딸기케이크도 만들어본 주말 일상",yun yun,"조회수 770,997회",1.5만개,258개,2019. 2. 18.,26:44
46,https://i.ytimg.com/vi/t6ACDMvx0A0/hqdefault.jpg?sqp=-oaymwEZCPYBEIoBSFXyq4qpAwsIARUAAIhCGAFwAQ==&rs=AOn4CLDHRfVsGnL2SMDFSUhmq9H16Dx5kg,ENG)퇴근 후 일상 그리고 잉여로운 주말 집순이,sweet13310,"조회수 1,110,225회",1.9만개,292개,2019. 2. 8.,21:19
47,https://i.ytimg.com/vi/c6-EAJDSr1s/hqdefault.jpg?sqp=-oaymwEZCPYBEIoBSFXyq4qpAwsIARUAAIhCGAFwAQ==&rs=AOn4CLDaUibosHQ03qQ-SJIB9q1WMDhM0Q,ENG)힐링하고 온 강원도 시골여행 그리고 호캉스,Desi Rahma,"조회수 266,590회",8.1천개,101개,2019. 2. 2.,15:10
48,https://i.ytimg.com/vi/TvOWkhE3lfw/hqdefault.jpg?sqp=-oaymwEZCPYBEIoBSFXyq4qpAwsIARUAAIhCGAFwAQ==&rs=AOn4CLAE9_QvwRixrot0m6YXx6ltrboDcg,"ENG)전시회도 보고,인절미잼도 만들고 알찬 주말 보낸 일상",yun yun,"조회수 461,497회",1만개,155개,2019. 1. 31.,23:54
49,https://i.ytimg.com/vi/4d4uaGCczDo/hqdefault.jpg?sqp=-oaymwEZCPYBEIoBSFXyq4qpAwsIARUAAIhCGAFwAQ==&rs=AOn4CLBTutVl233jMF2IfSO2mZxCbZBQTw,ENG)퇴근 후 맛있는 저녁 먹으면서 보내는 소소한 일상,りりり,"조회수 1,220,031회",2.2만개,342개,2019. 1. 21.,21:53
50,https://i.ytimg.com/vi/gY0UR61h-1k/hqdefault.jpg?sqp=-oaymwEZCPYBEIoBSFXyq4qpAwsIARUAAIhCGAFwAQ==&rs=AOn4CLCJ-7_UK69Xzgtv3NqogqV_UAWcFw,ENG)퇴근 후 장보고 저녁준비하는 평범한 직장인 일상,Mai Phương Trịnh,"조회수 1,161,664회",1.8만개,383개,2019. 1. 14.,19:08
51,https://i.ytimg.com/vi/SXvwmlaqcEA/hqdefault.jpg?sqp=-oaymwEZCPYBEIoBSFXyq4qpAwsIARUAAIhCGAFwAQ==&rs=AOn4CLACACmT5Q4Udf_kG8Mz34fHBtzH9w,ENG)집에서 제일 행복한 집순이의 소소하고 따뜻한 연말 일상,Andie Huang,"조회수 641,434회",1.4만개,210개,2019. 1. 5.,22:19
52,https://i.ytimg.com/vi/zYHC7rfo5Xk/hqdefault.jpg?sqp=-oaymwEZCPYBEIoBSFXyq4qpAwsIARUAAIhCGAFwAQ==&rs=AOn4CLDIy9wyogaTTWiEjjZX6d__6rg8WA,"ENG)자취생의 소소한 집안일,그리고 크리스마스 선물준비,파티 일상",인물/블로그,"조회수 704,939회",1.3만개,223개,2018. 12. 30.,30:12
53,https://i.ytimg.com/vi/nETToe9doLM/hqdefault.jpg?sqp=-oaymwEZCPYBEIoBSFXyq4qpAwsIARUAAIhCGAFwAQ==&rs=AOn4CLDEjgJK18IUucgfqJisxYgINAnjjw,"ENG)퇴근 후 아쿠아맨도 보고,친구네도 놀러가고,택배 언박싱도 하는 소소한 일상",sweet13310,"조회수 445,438회",9.6천개,124개,2018. 12. 22.,21:08
54,https://i.ytimg.com/vi/Gq4RVUvC8Zo/hqdefault.jpg?sqp=-oaymwEZCPYBEIoBSFXyq4qpAwsIARUAAIhCGAFwAQ==&rs=AOn4CLAJzWrGzLWFXiFiBdE5xNaxmLVb2w,ENG)행복하고 따뜻했던 내생일 일상,sweet13310,"조회수 350,578회",9.1천개,105개,2018. 12. 19.,22:59
55,https://i.ytimg.com/vi/XN9wYqFtL_M/hqdefault.jpg?sqp=-oaymwEZCPYBEIoBSFXyq4qpAwsIARUAAIhCGAFwAQ==&rs=AOn4CLDKADB3wdKMMBJHh_4OlGaDcPi8lQ,"ENG)혼자 동대문도 가고,집에서 샌드위치도 해먹는 직장인 휴일 일상",sweet13310,"조회수 739,186회",1.5만개,252개,2018. 12. 18.,19:56
56,https://i.ytimg.com/vi/Evdwj_zVhoU/hqdefault.jpg?sqp=-oaymwEZCPYBEIoBSFXyq4qpAwsIARUAAIhCGAFwAQ==&rs=AOn4CLA9evOwSGoztswLAxuY7gZTQbzShA,"ENG)사촌동생이랑 연남동 돌아다니고, 친구 생일 축하해주는 일상",Andie Huang,"조회수 514,159회",1만개,139개,2018. 12. 13.,22:24
57,https://i.ytimg.com/vi/lSeP9sp_ghY/hqdefault.jpg?sqp=-oaymwEZCPYBEIoBSFXyq4qpAwsIARUAAIhCGAFwAQ==&rs=AOn4CLBkfkRpypn0xQ82abEgM_K2VVEvNg,"ENG)퇴근하고 보내는 나만의 소소한 시간,그리고 친구네 집들이 가는 일상",Andie Huang,"조회수 522,536회",1.2만개,161개,2018. 12. 7.,22:41
58,https://i.ytimg.com/vi/0-P3XIZza60/hqdefault.jpg?sqp=-oaymwEZCPYBEIoBSFXyq4qpAwsIARUAAIhCGAFwAQ==&rs=AOn4CLBfuhizcLE_eUYoVdejpL_PuPH2xQ,ENG)하루종일 먹고 뒹굴거리는 행복한 집순이 일상,too old for noises,"조회수 686,583회",1.2만개,243개,2018. 11. 27.,21:06
59,https://i.ytimg.com/vi/n-xTYHAZ4Po/hqdefault.jpg?sqp=-oaymwEZCPYBEIoBSFXyq4qpAwsIARUAAIhCGAFwAQ==&rs=AOn4CLCz02PIOkb0x8HkDtqDrD10azhv3A,ENG)대전 빵지순례 하고 온 주말 일상,인물/블로그,"조회수 449,025회",1만개,151개,2018. 11. 23.,17:41
60,https://i.ytimg.com/vi/U_ej-B3-e38/hqdefault.jpg?sqp=-oaymwEZCNACELwBSFXyq4qpAwsIARUAAIhCGAFwAQ==&rs=AOn4CLA03Fd1ROvWHqFVuMjKcNBZkrEgjQ,"ENG)퇴근 후 맛있는 것도 해먹고,쇼핑도하는 소소한 일상",조지나,"조회수 454,783회",9.5천개,161개,2018. 11. 20.,23:09
61,https://i.ytimg.com/vi/oNwbNjtxWJA/hqdefault.jpg?sqp=-oaymwEZCNACELwBSFXyq4qpAwsIARUAAIhCGAFwAQ==&rs=AOn4CLBswc1iNgpXhz92-xcjyWzymVx0qQ,ENG)온도 브이로그_퇴근 후 소중한 나의 일상,Andie Huang,"조회수 879,216회",1.5만개,260개,2018. 11. 12.,22:35
62,https://i.ytimg.com/vi/-7xxdLi80CI/hqdefault.jpg?sqp=-oaymwEZCNACELwBSFXyq4qpAwsIARUAAIhCGAFwAQ==&rs=AOn4CLAZegD2FFK94A0H57MhhYpEc3RMOQ,"ENG)온도 브이로그_블루베리잼도 만들고,빵도 먹는 여유로운 집순이 일상",Aline A,"조회수 706,907회",1.3만개,198개,2018. 11. 5.,16:06
63,https://i.ytimg.com/vi/1nIAI-VF8ek/hqdefault.jpg?sqp=-oaymwEZCNACELwBSFXyq4qpAwsIARUAAIhCGAFwAQ==&rs=AOn4CLBBpdWDxdwNtavumprlRTBYNjfjCw,"ENG)온도 브이로그_혼자 보내는 소소한 행복 일상,그리고 선물준비",sweet13310,"조회수 465,251회",1.1만개,163개,2018. 10. 28.,22:12
64,https://i.ytimg.com/vi/VP1F24ti8Pc/hqdefault.jpg?sqp=-oaymwEZCNACELwBSFXyq4qpAwsIARUAAIhCGAFwAQ==&rs=AOn4CLD-tY6xbfrzkmt56fRjkYcesIIAhg,"ENG)온도 브이로그_공휴일의 일상,그리고 퇴근 후 집순이",Uyen Bui,"조회수 727,880회",1.2만개,194개,2018. 10. 23.,22:13
65,https://i.ytimg.com/vi/7fv6kMQKOFw/hqdefault.jpg?sqp=-oaymwEZCNACELwBSFXyq4qpAwsIARUAAIhCGAFwAQ==&rs=AOn4CLBXkmuHmKJafBhyv4Il6m_9Orl55g,"ENG)온도 브이로그_퇴근 후 일상,소소한 프리마켓 쇼핑A day after work: Minimal shopping in the Flea market",인물/블로그,"조회수 730,417회",1.2만개,237개,2018. 10. 14.,24:35
66,https://i.ytimg.com/vi/55F0fbTnHlQ/hqdefault.jpg?sqp=-oaymwEZCNACELwBSFXyq4qpAwsIARUAAIhCGAFwAQ==&rs=AOn4CLCjgrbzuookT65iPT17-GF2U0rAdw,"ENG)온도 브이로그_직장인 일상,한강피크닉(새로운 카메라feat.sony RX100M4)",Thuc Nhi Le,"조회수 712,403회",1.2만개,226개,2018. 10. 6.,22:43
67,https://i.ytimg.com/vi/pfY_y6FwsLY/hqdefault.jpg?sqp=-oaymwEZCNACELwBSFXyq4qpAwsIARUAAIhCGAFwAQ==&rs=AOn4CLBIyY3vYQkBunInwWEaJuO6bCUVhw,ENG)온도 브이로그_결혼식갔다가 하루종일 집에서 요리하는 집순이 일상,Watermelon RA,"조회수 1,653,279회",2.6만개,524개,2018. 9. 27.,24:11
68,https://i.ytimg.com/vi/HgdGMNB1u48/hqdefault.jpg?sqp=-oaymwEZCNACELwBSFXyq4qpAwsIARUAAIhCGAFwAQ==&rs=AOn4CLAzZD8sKLwK5fc1th6PoI7SF5Pwgg,ENG)온도 브이로그_혼자 보내는 주말일상Weekend Vlog: A day alone,sip er,"조회수 567,669회",9.9천개,176개,2018. 9. 20.,21:14
69,https://i.ytimg.com/vi/KChb2k9lV5I/hqdefault.jpg?sqp=-oaymwEZCNACELwBSFXyq4qpAwsIARUAAIhCGAFwAQ==&rs=AOn4CLCEVXJCpDrkBBkyGNhtRnGVpuQPxA,ENG)온도 브이로그_친구랑 연희동에서 보내는 소소한 토요일 일상(Weekend Vlog | Saturday date with my friend in Yeon-hui Town),자미에Jamie,"조회수 403,747회",7.7천개,141개,2018. 9. 14.,17:39
70,https://i.ytimg.com/vi/oDmq3Oaz0BY/hqdefault.jpg?sqp=-oaymwEZCNACELwBSFXyq4qpAwsIARUAAIhCGAFwAQ==&rs=AOn4CLAY57K_ILKC4kdaSeiWqm4jxafstw,ENG)온도 브이로그_잠들기 전 소소한 나의 일상Night Routine #belif#노즈샤인보이,moonchild,"조회수 217,123회",4.7천개,157개,2018. 9. 10.,6:37
71,https://i.ytimg.com/vi/I2d5OoyRBCE/hqdefault.jpg?sqp=-oaymwEZCNACELwBSFXyq4qpAwsIARUAAIhCGAFwAQ==&rs=AOn4CLDpBuuCwT_x0jVHy4L312Fs-fK_kg,온도 브이로그_혼자 보내는 평범하고 잔잔한 금요일 일상_vlog,Gian Lee,"조회수 526,104회",7.9천개,178개,2018. 9. 7.,19:28
72,https://i.ytimg.com/vi/uRt75l7oKu0/hqdefault.jpg?sqp=-oaymwEZCPYBEIoBSFXyq4qpAwsIARUAAIhCGAFwAQ==&rs=AOn4CLCMKN7Dh8VtRRUwrJlO7jH_xpVKmg,"온도 브이로그_친구한테 집밥도 해주고,익선동 이곳저곳 돌아다닌 일상_vlog #vlog#익선동",인물/블로그,"조회수 725,383회",1.1만개,208개,2018. 8. 30.,16:05
73,https://i.ytimg.com/vi/x1OBsw4phL4/hqdefault.jpg?sqp=-oaymwEZCPYBEIoBSFXyq4qpAwsIARUAAIhCGAFwAQ==&rs=AOn4CLCsNIPbvNB4nGSXlLmLYtlpYGor_A,온도 브이로그_이쁜카페 갔다가 그림일기 쓰면서 마무리하는 일상_vlog,Bruneian Lady,"조회수 378,363회",7.1천개,133개,2018. 8. 25.,21:06
74,https://i.ytimg.com/vi/K5MQa6TbU4s/hqdefault.jpg?sqp=-oaymwEZCPYBEIoBSFXyq4qpAwsIARUAAIhCGAFwAQ==&rs=AOn4CLCZqZHpO37hhqvVA5gi5O0wTUrmhg,온도 브이로그_혼자 보내는 금요일의 일상 (feat.직방)_vlog,인물/블로그,"조회수 719,981회",1.1만개,377개,2018. 8. 19.,22:52
75,https://i.ytimg.com/vi/A51NYkvVF9Y/hqdefault.jpg?sqp=-oaymwEZCPYBEIoBSFXyq4qpAwsIARUAAIhCGAFwAQ==&rs=AOn4CLCG5Nsd0fNdRtPB9cIWmv8s9nnsug,온도 브이로그_평범한 직장인의 월요일 출퇴근 일상_vlog,minn c,"조회수 477,287회",7.6천개,107개,2018. 8. 10.,15:01
76,https://i.ytimg.com/vi/EwFvaLM0PQM/hqdefault.jpg?sqp=-oaymwEZCPYBEIoBSFXyq4qpAwsIARUAAIhCGAFwAQ==&rs=AOn4CLCrxejFkUXIf6GFj2VQv7Zi6WrSvA,온도 브이로그_일러스트페어 갔다가 서촌 이곳저곳 다닌 일상_vlog,인물/블로그,"조회수 332,866회",6.1천개,113개,2018. 8. 5.,23:29
77,https://i.ytimg.com/vi/rwcmMUqqnzI/hqdefault.jpg?sqp=-oaymwEZCPYBEIoBSFXyq4qpAwsIARUAAIhCGAFwAQ==&rs=AOn4CLDSo2FXsVxAsF8AhGhFHUkmyyF0eA,"온도 브이로그_건강한 집밥도 해먹고,자취방도 꾸미고,집순이의 힐링 일상_vlog",인물/블로그,"조회수 482,268회",7.7천개,121개,2018. 7. 27.,25:02
78,https://i.ytimg.com/vi/Hk2DEIe45K8/hqdefault.jpg?sqp=-oaymwEZCPYBEIoBSFXyq4qpAwsIARUAAIhCGAFwAQ==&rs=AOn4CLBN8LuEGIwWwVQBCG68ZKdXmSx91w,"온도 브이로그_집순이의 늦은 오후 일상,자취생의 장보기_vlog",인물/블로그,"조회수 733,345회",1만개,206개,2018. 7. 21.,17:52
79,https://i.ytimg.com/vi/NBWPFmRCye0/hqdefault.jpg?sqp=-oaymwEZCPYBEIoBSFXyq4qpAwsIARUAAIhCGAFwAQ==&rs=AOn4CLDC6G0ZlYOMT3XnqrO-7YSmVKJ0Mg,"온도 브이로그,집에서 제일 행복한 집순이 일상_vlog",weian Cheng,"조회수 440,997회",7.2천개,121개,2018. 7. 16.,22:06
80,https://i.ytimg.com/vi/rbC4sp_glrA/hqdefault.jpg?sqp=-oaymwEZCPYBEIoBSFXyq4qpAwsIARUAAIhCGAFwAQ==&rs=AOn4CLDrwpIjZeRBxu0MBbIxpaEZWTv25g,"온도 브이로그,사촌동생이랑 보내는 소소한 행복 일상_vlog",인물/블로그,"조회수 391,137회",6.8천개,102개,2018. 7. 7.,20:17
81,https://i.ytimg.com/vi/Q8_RaFWPej4/hqdefault.jpg?sqp=-oaymwEZCPYBEIoBSFXyq4qpAwsIARUAAIhCGAFwAQ==&rs=AOn4CLCVRJA466Yeg2aaAsLrCw1RxriMpg,"온도 브이로그,연남동에서 보내는 소소한 주말 일상_vlog",인물/블로그,"조회수 474,373회",7.6천개,117개,2018. 7. 1.,20:10
82,https://i.ytimg.com/vi/ssGC8in-Qe0/hqdefault.jpg?sqp=-oaymwEZCPYBEIoBSFXyq4qpAwsIARUAAIhCGAFwAQ==&rs=AOn4CLA6ajAwKApZHi-HZulvywr8BCRG8A,"온도브이로그,퇴근하고 친구생일선물 준비도 하고,망원동 돌아다니기_vlog",인물/블로그,"조회수 374,248회",6.5천개,94개,2018. 6. 27.,21:25
83,https://i.ytimg.com/vi/bpMnlieRgU4/hqdefault.jpg?sqp=-oaymwEZCPYBEIoBSFXyq4qpAwsIARUAAIhCGAFwAQ==&rs=AOn4CLDXNlnGO3mubIRjLwMlip8X-GR4Jg,"온도 브이로그,도시락도 싸고 샌드위치도 해먹는 소소한 퇴근 후 일상_vlog(선물 당첨자 발표)",Lydia Lee,"조회수 487,588회",6.9천개,98개,2018. 6. 22.,16:28
84,https://i.ytimg.com/vi/jmt2Z8k5f1U/hqdefault.jpg?sqp=-oaymwEZCPYBEIoBSFXyq4qpAwsIARUAAIhCGAFwAQ==&rs=AOn4CLCzlIu-2MIFJqStTu0zgoXR7Zo5SQ,"온도 브이로그,출근-퇴근하고 저녁도먹고,무인양품 쇼핑도하는_vlog(댓글 봐주세요💕)",sweet13310,"조회수 748,890회",1만개,168개,2018. 6. 19.,18:39
85,https://i.ytimg.com/vi/RH9Yf9SlLSI/hqdefault.jpg?sqp=-oaymwEZCPYBEIoBSFXyq4qpAwsIARUAAIhCGAFwAQ==&rs=AOn4CLBewHY9-VgxfnLx5Q6ZNPnfLlVuEA,"온도 브이로그,혼자 연남동도 가고,여유롭게 휴일 보내기 그리고 구독자분들을 위한 선물_vlog",인물/블로그,"조회수 259,963회",4.9천개,71개,2018. 6. 15.,20:37
86,https://i.ytimg.com/vi/g4BU3pf-Z6M/hqdefault.jpg?sqp=-oaymwEZCPYBEIoBSFXyq4qpAwsIARUAAIhCGAFwAQ==&rs=AOn4CLDe3YX6plbBhpjVd-nCAqvnE1ZJlg,"온도 브이로그,하루종일 집에만 있는 집순이 일상_vlog",XinRu Lee,"조회수 1,196,719회",2만개,298개,2018. 6. 12.,20:23
87,https://i.ytimg.com/vi/qqfZpwGeGWU/hqdefault.jpg?sqp=-oaymwEZCPYBEIoBSFXyq4qpAwsIARUAAIhCGAFwAQ==&rs=AOn4CLCQiuFfWW8VvZAKo69VphWI4XnJDg,"온도 브이로그,레인보우 페스티벌 가서 피크닉도 하고 힐링하고 온 일상 _ vlog",인물/블로그,"조회수 125,389회",2.9천개,53개,2018. 6. 8.,18:07
88,https://i.ytimg.com/vi/n69Frjrboio/hqdefault.jpg?sqp=-oaymwEZCPYBEIoBSFXyq4qpAwsIARUAAIhCGAFwAQ==&rs=AOn4CLAV843pDloO-m-LoEjm9LgkVubfLg,"온도 브이로그_부산바다 피크닉,카페,소품샵도 가고,캡슐호텔도 가본 부산일상_vlog",kimjihy 1466,"조회수 507,723회",9.3천개,141개,2018. 6. 1.,29:59
89,https://i.ytimg.com/vi/XzR9LGY1hro/hqdefault.jpg?sqp=-oaymwEZCPYBEIoBSFXyq4qpAwsIARUAAIhCGAFwAQ==&rs=AOn4CLDW6YCGHRRqUPWQO22ubRDaneOB3g,"온도 브이로그,망원동 가서 소품쇼핑도 하고,침구도 바꿔주고,소소하게 보낸 공휴일 일상_vlog",Inès. V,"조회수 519,075회",8천개,111개,2018. 5. 27.,22:42
90,https://i.ytimg.com/vi/MeUfJuV93RQ/hqdefault.jpg?sqp=-oaymwEZCNACELwBSFXyq4qpAwsIARUAAIhCGAFwAQ==&rs=AOn4CLBUqzCaWVkhefhKMTWo5b6hdhxOXw,"온도 브이로그,집에서 피크닉 준비하고,서울재즈페스티벌 가서 힐링도하는 토요일 일상_vlog",Mary,"조회수 709,005회",1.1만개,164개,2018. 5. 21.,17:02
91,https://i.ytimg.com/vi/q7-OW9RbbK4/hqdefault.jpg?sqp=-oaymwEZCNACELwBSFXyq4qpAwsIARUAAIhCGAFwAQ==&rs=AOn4CLBvNlL9uQPRZXrKW1qnq7glHZHZPQ,"온도 브이로그,잔잔하고 평범한 일요일 오후 일상,그리고 나의 고민이야기(feat.트로스트)_ vlog",인물/블로그,"조회수 212,753회",3.9천개,78개,2018. 5. 18.,15:41
92,https://i.ytimg.com/vi/KkfUFcumSzw/hqdefault.jpg?sqp=-oaymwEZCNACELwBSFXyq4qpAwsIARUAAIhCGAFwAQ==&rs=AOn4CLBgJHm12Ccen2vnENjtQTSs2Sm1eQ,"온도 집순이 브이로그,장도 보고,밀크잼도 해먹고,자취방에서 보내는 집순이 일상 _  vlog",Shiing Wu,"조회수 1,286,416회",1.8만개,302개,2018. 5. 9.,16:22
93,https://i.ytimg.com/vi/oNn98iNJtsM/hqdefault.jpg?sqp=-oaymwEZCNACELwBSFXyq4qpAwsIARUAAIhCGAFwAQ==&rs=AOn4CLDXyWEXGnGQpM63rvjzaQgLMeM1pg,"온도 브이로그,명란 파스타도 해먹고,창경궁 대온실 갔다가 이곳저곳 돌아다닌 잔잔한 일상 _ vlog",nrlhzqh hmzh,"조회수 480,552회",6.7천개,105개,2018. 5. 4.,15:50
94,https://i.ytimg.com/vi/3a1vqhD80C4/hqdefault.jpg?sqp=-oaymwEZCNACELwBSFXyq4qpAwsIARUAAIhCGAFwAQ==&rs=AOn4CLBT_QIJPkyvBtP7ttTl66hZXHEv2w,"온도 브이로그,혼자 연희동가서 혼밥하고,서점도가고,마무리는 집순이_vlog",인물/블로그,"조회수 335,297회",5.6천개,57개,2018. 4. 29.,16:48
95,https://i.ytimg.com/vi/w_K1qwMkYyw/hqdefault.jpg?sqp=-oaymwEZCNACELwBSFXyq4qpAwsIARUAAIhCGAFwAQ==&rs=AOn4CLAHZTxEGs2qxzyZ_IEEc7qPtR54mw,"온도 브이로그,롯데월드도 가고,친구 자취방에서 월남쌈도해먹고,집에서 마무리하는 주말일상_vlog",인물/블로그,"조회수 328,653회",5.8천개,79개,2018. 4. 26.,14:12
96,https://i.ytimg.com/vi/7OugCSHhcHg/hqdefault.jpg?sqp=-oaymwEZCNACELwBSFXyq4qpAwsIARUAAIhCGAFwAQ==&rs=AOn4CLCggYVd-YjgiO7QzOu_GQL3ypY3ZA,"온도 평일일상 브이로그,회사 점심시간에 빵집도 가고,집에서 도시락 싸는 소소한 일상 _ vlog",Anh Hong,"조회수 839,647회",1.3만개,167개,2018. 4. 19.,13:08
97,https://i.ytimg.com/vi/ScRG7AQYfy4/hqdefault.jpg?sqp=-oaymwEZCNACELwBSFXyq4qpAwsIARUAAIhCGAFwAQ==&rs=AOn4CLBWbafX1o4pgjuIr01Ec2P2cjRivA,"온도 브이로그,친구 생일선물 준비,맛집,카페 그리고 심야식당(선물 당첨자발표,Q&A,룸투어 질문받아요💛)",인물/블로그,"조회수 300,206회",4.7천개,61개,2018. 4. 7.,13:39
98,https://i.ytimg.com/vi/1JMD6-EiDyM/hqdefault.jpg?sqp=-oaymwEZCNACELwBSFXyq4qpAwsIARUAAIhCGAFwAQ==&rs=AOn4CLAMC2TRcZsa60uEpj6ZwFAriQLTqg,"온도 취미생활 브이로그,동대문갔다가, 자취방에서 파우치,마들렌,파스타만드는 일상✨구독자분들한테 선물 주고 싶어요(소소한 이벤트)✨",Lydia Lee,"조회수 1,787,064회",2.9만개,471개,2018. 3. 31.,14:45
99,https://i.ytimg.com/vi/AGL1Z9l9Tc8/hqdefault.jpg?sqp=-oaymwEZCNACELwBSFXyq4qpAwsIARUAAIhCGAFwAQ==&rs=AOn4CLAF6ZNS3fRxx_ZeeOoBhOWitirPig,"[vlog]온도 일요일 일상,자취방에서 피클도 만들고,맥모닝도 시켜먹고,잔잔하게 마무리하는 주말일상✨",인물/블로그,"조회수 694,707회",8.5천개,197개,2018. 3. 25.,12:22
100,https://i.ytimg.com/vi/MOdMPQBoE_U/hqdefault.jpg?sqp=-oaymwEZCNACELwBSFXyq4qpAwsIARUAAIhCGAFwAQ==&rs=AOn4CLDDwwIa5hptOpgJXSEDajlcEtqCvg,"[vlog]온도 일상 브이로그,서울-청주 집내려 갔다왔어요,영화 소공녀도 보고,카페 맛집도 찾아가는 잔잔한 일상",minn c,"조회수 200,391회",3.2천개,38개,2018. 3. 24.,8:15
101,https://i.ytimg.com/vi/Xdy1-FJY7yc/hqdefault.jpg?sqp=-oaymwEZCNACELwBSFXyq4qpAwsIARUAAIhCGAFwAQ==&rs=AOn4CLB7tUPv3BoxDGPOO44tAK8lTMvONg,"[vlog]온도 퇴근 후 일상 , 퇴근 후 자취방에서 보내는 잔잔한 일상",Havva Nur,"조회수 274,947회",4천개,51개,2018. 3. 21.,8:12
102,https://i.ytimg.com/vi/whD39EKUbLU/hqdefault.jpg?sqp=-oaymwEZCPYBEIoBSFXyq4qpAwsIARUAAIhCGAFwAQ==&rs=AOn4CLC8bZE8H4f4g2WtK_YjCAImJFDeLQ,"[vlog]온도 방콕여행3-day 마지막날,룸피니공원도 가고,아시아티크도 가고,딸기와플도 먹고,아쉬운 마지막날 😭",인물/블로그,"조회수 117,933회",2천개,43개,2018. 3. 19.,11:39
103,https://i.ytimg.com/vi/1ST2uyIq7C4/hqdefault.jpg?sqp=-oaymwEZCPYBEIoBSFXyq4qpAwsIARUAAIhCGAFwAQ==&rs=AOn4CLBNwnrBp7Co_eb-c8prsEB8RNVuow,"[vlog]온도 방콕여행 브이로그2-day,쇼핑도하고,마사지도 받고,팟타이,로띠도 먹고 여유로운 두번째 여행일상_한글자막",인물/블로그,"조회수 117,366회",2천개,31개,2018. 3. 17.,13:02
104,https://i.ytimg.com/vi/t_5RNUZwDoI/hqdefault.jpg?sqp=-oaymwEZCPYBEIoBSFXyq4qpAwsIARUAAIhCGAFwAQ==&rs=AOn4CLDKCYy0IRna6f-yB8cmcZyvcAMdZA,"[vlog]온도 방콕여행 브이로그1-day ,네일아트도 하고,맛난 것도먹고 수영도 하는 여유로운 여행 _ 한글자막",인물/블로그,"조회수 201,637회",3천개,37개,2018. 3. 14.,11:36
105,https://i.ytimg.com/vi/echIvvfgQc8/hqdefault.jpg?sqp=-oaymwEZCPYBEIoBSFXyq4qpAwsIARUAAIhCGAFwAQ==&rs=AOn4CLC-lQO9ykwlKnJYcKKoJnk4eHeEzA,"[vlog]온도 서울생활 브이로그 / 혼자 카페가서 해외여행 계획짜고 , 영화 리틀포레스트도 보고 , 쇼핑도 하는 주말일상 _ 한글자막",인물/블로그,"조회수 177,115회",2.8천개,29개,2018. 3. 3.,4:36
106,https://i.ytimg.com/vi/2sC9fvVqbPI/hqdefault.jpg?sqp=-oaymwEZCPYBEIoBSFXyq4qpAwsIARUAAIhCGAFwAQ==&rs=AOn4CLDbcve0ZR9oQd_HM4GHJEwJB9Av-Q,[vlog]온도 서울생활 브이로그 / 망원 주민들이랑 망원동에서 공휴일보내기/감성가득한 잔잔한 하루 보내기 / 카페도 가고 밥집도가고 잔잔한 일상 _ 한글자막,인물/블로그,"조회수 208,666회",3.2천개,41개,2018. 3. 1.,6:42
107,https://i.ytimg.com/vi/DNxVdu1sED4/hqdefault.jpg?sqp=-oaymwEZCPYBEIoBSFXyq4qpAwsIARUAAIhCGAFwAQ==&rs=AOn4CLCsnebEf3fJDs1JDB4dtswf0gmJDg,[vlog]온도 서울자취생활 브이로그 /집에서 제일바쁜 집순이일상/집에서 보내는 잔잔한 일상/베이킹도하고 먹고 쉬고_한글자막,수리수리마슈리,"조회수 285,806회",4.2천개,64개,2018. 2. 25.,7:26
108,https://i.ytimg.com/vi/R6YCMyxbJnY/hqdefault.jpg?sqp=-oaymwEZCPYBEIoBSFXyq4qpAwsIARUAAIhCGAFwAQ==&rs=AOn4CLCXcsbp9r-nOVZyWrkFfSNxqTRhIQ,[vlog] 온도 서울생활 브이로그/퇴근 후 혼자 잔잔한 하루보내기_한글자막,인물/블로그,"조회수 366,145회",5.6천개,83개,2018. 2. 24.,4:10
